Region,Country,Fipscd,1980,1981,1982,1983,1984,1985,1986,1987,1988,1989,1990,1991,1992,1993,1994,1995,1996,1997,1998,1999,2000,2001,2002,2003,2004,2005,2006,2007
North America,Bermuda,BD,3.8,3.3,3.5,3.7,3.6,3.52,3.33,4.69,5.13,6.24,4.43,3.93,3.19,3.63,3.62,3.61,3.66,3.67,3.67,3.67,3.66,3.63,3.67,3.98,4.25,4.4,4.57,NA
North America,Canada,CA,1873,1768,1578,1448,1520,1526,1531,1607,1681,1754,1733,1673,1720,1746,1767,1811.04,1864.32,1952.27,1942.96,2027.36,2026.67,2056.84,2078.35,2207.15,2299.67,2296.86,2264.26,2342.87
North America,Greenland,GL,NA,NA,NA,NA,NA,NA,NA,NA,NA,NA,NA,NA,3.25,3.36,3.4,3.4,3.44,3.53,3.58,3.58,3.65,3.77,3.81,3.83,3.86,3.88,3.93,NA
North America,Mexico,MX,1270,1399,1476,1350,1395,1476,1523,1576,1598,1715,1754,1830,1855,1836,1934,1818.58,1788.54,1854.05,1948.64,1957.44,2036.36,2008.69,1949.76,1948.58,1995.92,2045.19,1996.68,2045.69
North America,Saint Pierre and Miquelon,SB,1,1,0.9,1,1,0.9,1.13,1.43,1.49,1.7,1.67,1.59,1.5,0.82,0.86,0.58,0.58,0.39,0.46,0.46,0.5,0.46,0.46,0.5,0.54,0.55,0.56,NA
North America,United States,US,17056,16058,15296,15231,15725.61,15726.42,16280.63,16665.05,17283.31,17325.15,16988.5,16713.84,17032.86,17236.73,17718.16,17724.59,18308.9,18620.3,18917.15,19519.34,19701.08,19648.71,19761.3,20033.5,20731.15,20802.16,20687.42,20697.54
North America,North America,r1,20203.8,19229.3,18354.4,18033.7,18645.21,18732.85,19339.08,19854.16,20568.93,20802.1,20481.6,20222.35,20615.8,20826.54,21427.04,21361.79,21969.44,22434.21,22816.45,23511.84,23771.93,23722.1,23797.35,24197.55,25035.41,25153.04,24957.41,NA

Central & South America,"Virgin Islands,  U.S.",VQ,117,105,75.8,54,63,70.52,46.79,54.79,39.33,59.98,54.96,55.55,55.37,53.45,55.85,56.57,56.9,58.26,60.3,62.44,66.08,91.7,93.24,108.78,110.9,98,100.52,91.68
Central & South America,Saint Vincent/Grenadines,VC,0.27,0.25,0.27,0.27,0.25,0.29,0.29,0.32,0.38,0.56,0.59,0.56,0.6,0.56,0.89,0.94,0.94,1.01,1.19,1.19,1.21,1.23,1.31,1.38,1.47,1.5,1.57,NA
Central & South America,Venezuela,VE,400,433,427,400,379,383.24,401.56,404.41,396.93,387.65,395.59,405,413.81,426.95,440.28,448.47,443.81,454.57,456.76,461.21,499.71,544.47,570.67,540.64,552.85,598,620.13,NA
Central & South America,Puerto Rico,RQ,200,219,158.8,152,167,144.58,155.52,161.79,147.46,143.07,140.16,175.61,155.58,162.16,165.37,169.07,174.87,179.25,183.54,189.14,201.35,213.86,212.05,217.81,222.76,230,235.73,214.99
Africa,Libya,LY,100,115,124,125,120,128.28,124.69,134.23,142.01,147,155,165.97,149.72,160.07,165.64,178.51,186.83,198.91,187.21,191.56,210.28,225.17,233.35,244.09,254.51,266,278.75,NA
Asia & Oceania,Burma,BM,23,23,24,23,24,22,17.28,16.39,16.66,16.65,15.24,15.66,16.44,16.53,18.92,18.36,19.75,25.35,29.95,36.48,36.75,33.65,34.52,35.97,40.29,42,43.14,NA
Middle East,Iraq,IZ,217,214,205,250,240,258.31,279.22,285.03,319.72,349.97,400,262.8,341.44,409.13,456.6,474.13,469.46,443.35,447.36,451.29,462.32,489.08,497.37,457.38,502.66,545,570.1,NA
Middle East,Middle East,r5,2044.49,2181.99,2334.39,2591.39,2648.33,2832.63,2952.81,3026.96,3130.43,3242.74,3469.43,3526.68,3756.47,3924.24,4098.57,4131.93,4215.1,4422.46,4538,4619.49,4780.75,4943.41,5107.25,5286.23,5539.41,5853,6165.52,NA
Eurasia,Ukraine,UP,- -,- -,- -,- -,- -,- -,- -,- -,- -,- -,- -,- -,812.71,569.59,495.31,484.38,392.99,372.45,365.88,288.51,260.14,304.46,308.03,322.46,325.34,328,364.05,NA
Central & South America,Guadeloupe,GP,3.47,4.93,6.2,6.5,7.1,6.5,6.69,7.46,8.14,9.1,9.78,10.23,9.56,10.99,11.37,11.67,11.55,11.76,11.76,11.76,12.43,12.66,12.88,13.39,13.72,14,14.34,NA
Central & South America,Saint Lucia,ST,0.8,0.63,0.76,0.7,0.7,0.88,0.88,0.98,1.2,1.2,1.2,1.2,1.24,1.22,1.39,1.41,1.4,1.47,1.47,1.47,2.33,2.44,2.49,2.74,2.68,2.7,2.78,NA
Europe,Denmark,DA,290,243,230,219,220,226,222,214,204,196,192,194,192,199,211,222.72,234.95,226.62,222.85,220.25,210,213.41,197.16,188.27,185.33,183.46,190.48,194.1
Central & South America,Colombia,CO,160.7,163.7,167.6,171.8,174,171.47,171.82,184.57,198.44,208.53,196.91,204.88,229.53,240.22,244.41,250.63,278.13,286.51,289.02,277.4,277.49,271.18,261.2,265.36,267.52,264,265.42,NA
Africa,Benin,BN,3,3,2,3,3,3.5,3.46,2.66,3.22,3.45,4.08,4.69,5.24,5.79,6.1,6.68,7.18,7.84,8.46,9.22,11.37,11.4,12.13,14.16,16.77,16,17.13,NA
Africa,Congo (Kinshasa),CG,19.1,20.4,21.4,21.3,19.5,18.9,20.54,18.53,23.34,21.95,20.42,21.52,24.27,25.37,19.97,20.55,21.32,20.92,19.79,16.93,14.16,9.53,8.09,8.13,11.32,11,10.46,NA
Europe,Slovenia,SI,- -,- -,- -,- -,- -,- -,- -,- -,- -,- -,- -,- -,35.4,41.06,42.26,47.27,54.39,55.91,53.54,53.51,52.28,52.02,51.04,52,52.62,54,54.31,NA
Europe,Croatia,HR,- -,- -,- -,- -,- -,- -,- -,- -,- -,- -,- -,- -,65.44,62.82,78.63,88.46,77.88,80.86,89.61,90.9,85.54,85.54,89.49,91.34,95.5,99,101.85,NA
Africa,Comoros,CN,0.3,0.3,0.3,0.3,0.3,0.26,0.26,0.41,0.43,0.43,0.56,0.54,0.54,0.54,0.56,0.56,0.56,0.56,0.58,0.58,0.64,0.67,0.69,0.69,0.71,0.7,0.71,NA 
Central & South America,Montserrat,MH,0.12,0.14,0.14,0.14,0.14,0.15,0.15,0.17,0.2,0.2,0.26,0.24,0.28,0.28,0.28,0.32,0.3,0.32,0.35,0.35,0.37,0.37,0.37,0.42,0.46,0.48,0.51,NA
Middle East,Iran,IR,590,580,660,785,765,790,830,865,870,964.99,1002.5,1074.86,1082.64,1107.87,1129.53,1140.18,1118.67,1221.69,1217.48,1205,1248.32,1285.32,1350.35,1425.65,1488.52,1572,1685.81,NA
Africa,Congo (Brazzaville),CF,5,6,5,4,4,5.75,5.81,6.5,5.82,6.5,7.11,6.22,5.79,5.43,5.27,5.19,5.02,5,5.05,4.18,4.4,5.59,4.83,6.04,6.71,7,7.68,NA
Eurasia,Armenia,AM,- -,- -,- -,- -,- -,- -,- -,- -,- -,- -,- -,- -,44.44,24.72,17.9,24.62,28.01,30.72,31.94,32.7,35.21,37.09,38.64,39.91,41.24,40,41.09,NA
Central & South America,Nicaragua,NU,13,13.4,13.4,12.8,12.1,13.93,13.88,13.85,14.21,13.99,13.34,12.68,15.12,15.08,16.12,17.48,18.53,19.55,22.37,23.96,24.02,25.58,25.42,25.64,27.17,28,28.88,NA
Europe,Hungary,HU,244,236,223,222.6,200,206,195,199,182,183,178,164,164,161,162,155.45,145.14,148.87,155.52,149.09,143.25,138.16,140.39,135.22,138.22,157.12,165.65,166.8
Eurasia,Kyrgyzstan,KG,- -,- -,- -,- -,- -,- -,- -,- -,- -,- -,- -,- -,32.54,19.44,8.76,11.68,12.33,10.27,13.91,11.61,10.57,9.25,10.09,9.57,12.23,12,12.33,NA
Europe,Montenegro,MJ,- -,- -,- -,- -,- -,- -,- -,- -,- -,- -,- -,- -,- -,- -,- -,- -,- -,- -,- -,- -,- -,- -,- -,- -,- -,- -,NA,NA
Europe,Luxembourg,LU,21,22,22,21,21,22,24,27,27,30,33,39,40,40,40,37.04,38.4,40.32,42.08,44.92,47.55,50.62,51.69,55.72,61.16,63.8,61.25,60.61
Africa,Cape Verde,CV,2.1,2.1,0.9,0.9,1.1,1.09,0.41,0.45,0.65,0.69,0.73,0.75,0.79,0.79,0.86,0.84,0.89,0.89,0.89,0.89,1.5,1.05,1.12,1.12,2.08,2,2.12,NA
Asia & Oceania,Brunei,BX,4.8,5,4,5,5.6,6.4,5.49,6.19,6.29,6.84,7.39,10.49,7.14,9.22,10.58,10.86,12.63,12.51,12.26,12,12.05,11.59,11.47,12.94,12.95,13,13.2,NA
Asia & Oceania,Bangladesh,BG,31.7,33,34.4,30,31,32.19,34.2,33.77,35.59,38.15,36,37.8,37.31,40.42,45.94,50.96,52.13,56.26,58.44,67.33,68.8,81.25,82.77,83.87,84.64,86,89.94,NA
Africa,Mozambique,MZ,13,11,13,13,12,13.19,6.62,6.81,9.84,8.03,7.03,6.93,6.85,6.8,6.47,7.12,7.04,7.3,7.63,7.9,7.81,9.37,10.65,11.19,13.32,13,14.39,NA
Europe,Poland,PL,387,346,318,325,314,317,331,340,340,345,283,272,279,293,303,318.61,362.43,390.11,403.9,428.42,411.26,404.69,406.48,431.06,458.54,473.05,505.56,513.13
Africa,Cameroon,CM,16,16,19,19,19,19.5,22.12,20.84,19.95,24.21,24.49,24.68,24.77,20.52,22.75,23.35,22.53,23.5,23.41,21.58,22.73,22.54,22.45,23.5,23.52,24.2,24.5,NA
Africa,Guinea-Bissau,PU,0.6,0.6,0.6,0.6,0.82,0.88,0.7,1.26,1.4,1.47,1.84,1.88,1.89,2.02,2.06,2.05,2.06,2.07,2.07,2.07,2.3,2.32,2.41,2.47,2.46,2.48,2.52,NA
Africa,Eritrea,ER,- -,- -,- -,- -,- -,- -,- -,- -,- -,- -,- -,- -,- -,- -,6.52,7.19,7.32,7.35,7.9,6.53,4.16,4.93,4.59,5.18,4.87,5,5.19,NA
Eurasia,Latvia,LG,- -,- -,- -,- -,- -,- -,- -,- -,- -,- -,- -,- -,52.22,40.75,40.18,41.58,46.65,34.95,35.14,30.75,28.86,29.75,28.23,29.82,32.63,34,35.18,NA
Africa,Niger,NG,4,4,4,3,3,3,2.5,2.4,4.17,4.24,4.4,4.44,4.56,4.65,4.78,4.76,4.77,4.78,4.78,4.78,4.98,5.07,5.3,5.4,5.41,5.45,5.55,NA
Africa,Egypt,EG,260,300,320,376,406,430,427.57,441.86,436.9,442.51,465.04,456.49,443.82,450.02,447.98,458.49,501.1,531.43,554.88,563.87,552.8,544.67,564.7,561.11,603.92,635,652.67,NA
Africa,Botswana,BC,3,3,2,2,2,3.63,3.6,4.26,4.72,5.71,6.43,7.22,8.4,8.23,8.23,8.23,8.23,9.27,9.49,9.49,13.97,11.53,11.08,11.08,13.49,12,11.64,NA
Central & South America,Netherlands Antilles,NT,109,100,95,89,85,70.7,69.2,69.62,64.82,68.67,67,63.52,62.73,63.06,65.91,69.47,69.29,73.73,73.66,71.18,70.96,71.86,70.51,65.76,66.39,68,67.45,NA
Africa,"Gambia, The",GA,1.1,1.1,1.1,1.1,1.2,1.19,1.11,1.28,1.32,1.3,1.33,1.39,1.38,1.47,1.63,1.52,1.51,1.52,1.6,1.6,1.79,1.92,1.97,1.99,2.01,2.03,2.08,NA
Central & South America,Central & South America,r2,3613.43,3557.17,3415.67,3232.33,3257.45,3225.69,3447.7,3557.95,3606.11,3618.54,3760.59,3829.58,3931.1,4069.43,4252.29,4458.15,4670.62,4890.55,5046.3,5135.18,5212.89,5325.2,5237.88,5195.68,5349.07,5464.85,5579.6,NA
Central & South America,Dominica,DO,0.19,0.25,0.25,0.25,0.25,0.29,0.29,0.31,0.4,0.43,0.43,0.43,0.43,0.45,0.52,0.58,0.58,0.58,0.6,0.6,0.59,0.75,0.82,0.88,0.77,0.8,0.85,NA
Central & South America,Chile,CI,107,104,102,96,95.7,95.5,96.63,102.77,110.8,125.79,133.89,144.37,150.57,167.56,178.87,196.99,217.36,228.18,239.24,244.26,235.9,232.49,233.96,235.77,244.63,250,252.99,NA
Europe,Netherlands,NL,792,731,642,613,590,610,675,691,723,715,734,758,769,764,764,767.32,761.12,792.82,801.62,828.09,854.52,893.65,898.32,918.64,947.87,1021.38,1010.9,988.99
Europe,France,FR,2256,2023,1880,1835,1771,1753,1764,1785,1801,1844,1826,1940,1932,1877,1865,1919.31,1948.9,1968.68,2040.07,2028.94,2000.51,2051.77,1982.83,1998.66,2006.27,1988.25,1961.18,1937.01
Eurasia,Russia,RS,- -,- -,- -,- -,- -,- -,- -,- -,- -,- -,- -,- -,4423.16,3750.46,3178.98,2976.13,2619.45,2562.48,2488.61,2537.62,2578.5,2590.23,2636.41,2681.86,2750.81,2757,2860.8,NA
Eurasia,Georgia,GG,- -,- -,- -,- -,- -,- -,- -,- -,- -,- -,- -,- -,27.03,15.54,7.48,8,14.49,15.62,15.82,17.42,15.84,12.67,12.29,12.44,12.97,13.4,12.98,NA
Africa,Tanzania,TZ,13.4,15.7,15.2,13.4,14.9,14.9,18.05,15.93,17,16.48,18.1,14.97,16.48,17.12,15.45,15.01,15.06,15.25,15.38,16.1,16.17,18.95,21.73,23.21,24.8,25,27.27,NA
Europe,Ireland,EI,119,104,92,83,85,84,99,89,80,83,92,99,101,104,114,116.94,122.04,133.92,150.02,168.48,169.98,182.43,179.41,176.24,181.75,191.68,192.24,196.5
Eurasia,Azerbaijan,AJ,- -,- -,- -,- -,- -,- -,- -,- -,- -,- -,- -,- -,202.51,194.03,186.6,178.54,133.54,128.59,145.84,149.46,136.89,119.89,110.35,110.78,112.6,115,126.67,NA
Europe,"Germany, West",GE,2707,2449,2372,2324,2272.63,2337.98,2497.91,2423.97,2422.08,2280.08,2382.21,- -,- -,- -,- -,- -,- -,- -,- -,- -,- -,- -,- -,- -,- -,- -,- -,- -
Central & South America,Belize,BH,1.6,1.5,1.4,1.4,1.5,1.53,1.91,1.58,1.13,1.58,2.22,2.47,2.12,2.11,2,2.29,1.94,3.19,3.21,3.26,4.71,6.26,6.01,6.29,6.75,7,7,NA
Europe,Iceland,IC,11,10,10,10,11,11,11,12,12,13,14,13,14,15,15,15.11,16.76,16.79,17.52,17.96,18.23,17.39,18.16,18.21,19,19.23,17.95,19.43
Middle East,Saudi Arabia,SA,610,670,720,790,850,939,973.99,975,990,950,1106.95,1158.93,1219.12,1260.21,1286.27,1254.54,1331.68,1383.6,1439.36,1479.22,1537.1,1606.3,1676.25,1774.59,1884.41,2000,2139.42,NA
Africa,Ghana,GH,16,14,16,14,16,13.71,15.9,18.12,21.3,23.66,20,20.13,22.44,23.43,25.81,26.66,27.18,26.02,26.79,31.36,36.96,36.27,38.65,41.54,45.3,47,49.3,NA
Central & South America,Barbados,BB,6.7,7,7.1,7.5,7.2,7.95,8.42,7.99,7.24,7.85,8.16,8.34,8.44,8.4,8.14,8.21,7.92,9.19,9.49,9.74,10.82,10.37,10.37,10.57,7.1,9,8.67,NA
Central & South America,Honduras,HO,12,10.8,11,11.7,11.8,11.11,11.7,11.81,13.17,16,17.77,17.47,18.14,18.18,20.38,22.97,25.46,25.29,29.01,30.63,28.11,33,36.34,36.54,41.85,43,46.83,NA
Europe,Europe,r3,16053.58,14800.6,14286.85,13922.53,13817.76,13786.93,14189.87,14329.57,14511.58,14553.12,14698.39,14798.55,14967.26,14926.72,15000.01,15334.68,15659.85,15821.52,16126.4,15991.58,15887.46,16077.34,16030.73,16161.89,16224.69,16372.16,16402.11,NA
Middle East,Qatar,QA,16.6,18,20.6,22,24,25,27.66,28.88,26.87,27.59,27.77,28.02,30.09,31.63,32.44,34.7,39.9,40.32,41.86,43.25,48.17,54.48,62.25,71.88,82.85,95,108.85,NA
Eurasia,Former U.S.S.R.,UR,8995,8935,9075,8950,8910,8950,8975.4,8994.97,8890.44,8740,8392,8350,- -,- -,- -,- -,- -,- -,- -,- -,- -,- -,- -,- -,- -,- -,- -,- -
Middle East,Yemen,YM,44.8,45.7,53.5,49.5,61.9,69.24,66.58,66.34,67.82,73.6,75.96,78.48,83.24,69.43,66.2,72.4,73.81,78.96,85.33,89.24,96.62,102.45,112.31,121.49,123.28,128,135.44,NA
Central & South America,El Salvador,ES,14,12.2,11.7,13,13,13.72,14.94,14.61,16.19,15.76,16.48,19.16,22.05,22.32,25.27,31.11,30.37,32.16,37.79,38.31,38.06,39.41,39.01,42.36,41.93,43.2,44.33,NA
Africa,Namibia,WA,- -,- -,- -,- -,- -,- -,- -,- -,- -,- -,15,6.9,7.03,8.67,8.37,8.37,8.83,9.37,10.07,11.86,12.63,15.05,15.42,16.64,17.58,18.4,19.84,NA
Asia & Oceania,Laos,LA,3,1.2,1.1,1.2,1.1,1.23,1.52,1.54,1.54,1.7,1.7,1.86,2.02,2.02,2.18,2.3,2.45,2.58,2.74,2.74,2.73,2.74,2.85,2.94,2.9,2.95,3,NA
Asia & Oceania,Macau,MC,3.22,3.1,3.27,4.61,5,4.1,5.67,6.31,6.28,6.73,6.79,6.83,7.03,7.78,8.29,8.11,9.42,9.68,10.45,11.05,10.12,10.73,11.73,12.26,15.03,15.26,16.57,NA
Africa,Saint Helena,SH,NA,0.02,0.02,0.02,0.02,0.02,0.02,0.04,0.04,0.04,0.04,0.02,0.02,0.04,0.04,0.04,0.04,0.04,0.04,0.04,0.16,0.09,0.09,0.09,0.06,0.07,0.06,NA
Central & South America,Argentina,AR,499,483,468,477,463,415.1,448.37,479.42,475,433.78,413,423.68,445.19,467.69,458.23,453.4,478.55,476.26,491.57,523.2,510.93,474.39,438.3,449.99,471.79,480,478.65,NA
Africa,Djibouti,DJ,10,8,8,6,5,5,4.5,4.6,4.5,10.43,10.55,10.67,10.7,10.87,11.01,10.97,10.97,11.13,11.13,11.13,11.21,11.38,11.4,11.65,11.84,12,12.17,NA
Africa,Morocco,MO,89,85,88,89,85,90,93.84,92.04,99.03,111.33,116.57,117.39,130.13,134.76,147.54,141.63,137.45,146.12,144.2,157.96,158.48,161.22,164.28,167.07,170.29,176,179.69,NA
Africa,Reunion,RE,4.3,4.3,4.7,5.4,6,5.91,5.83,6.39,7.51,7.96,8.63,9.91,10.38,13.14,13.37,13.26,13.27,13.37,17.01,17.01,17.72,18.53,18.49,18.5,18.82,19,19.27,NA
Europe,Serbia,RB,- -,- -,- -,- -,- -,- -,- -,- -,- -,- -,- -,- -,- -,- -,- -,- -,- -,- -,- -,- -,- -,- -,- -,- -,- -,- -,NA,NA
Africa,Gabon,GB,11,12,11,14,12,10.84,9.83,10.4,11.75,15.62,15.32,15.51,16.09,15.08,15.25,14.1,15.04,16.09,15.29,13.19,12.14,12.53,11.94,12.58,12.72,13,13.17,NA
Africa,Cote d'Ivoire (IvoryCoast),IV,28,30,28,30,29,30,31.36,35.19,36.97,36.87,30.4,25,24.99,28.43,29.48,28.88,30.37,27.78,26.77,30.17,32.9,21.72,23.15,22.91,26.87,27,25.95,NA
Central & South America,Grenada,GJ,0.33,0.38,0.42,0.4,0.42,0.43,0.47,0.51,0.54,0.57,0.89,0.89,0.91,1,1.18,1.1,1.23,1.55,1.39,1.39,0.96,1.61,1.74,1.76,1.78,1.8,2.04,NA
Central & South America,"Bahamas, The",BF,27.6,29.1,24.9,18.5,16.8,15.3,15.19,16.76,15.95,18.1,19.14,17.17,14.63,15.54,16.94,19.61,22.05,21.99,24.56,22.29,22.22,21.84,22.26,26.6,26.96,26,26.83,NA
Africa,Lesotho,LT,1,1,1,1,1,1.08,1.08,1.08,0.75,1.08,1.08,1.08,1.1,1.1,1.19,1.19,1.19,1.19,1.2,1.2,1.4,1.4,1.4,1.4,1.4,1.4,1.4,NA
Africa,Malawi,MI,3,3.5,2.9,2.4,2.3,2.69,2.54,2.62,2.63,3.37,3.52,4.51,4.5,4.27,4.68,4.9,4.98,4.99,5.03,5.03,5.26,5.35,5.41,5.43,6.26,6,6.16,NA
,,,,,,,,,,,,,,,,,,,,,,,,,,,,,,
Central & South America,"Virgin Islands, British",VI,0.16,0.25,0.25,0.25,0.23,0.24,0.26,0.3,0.32,0.34,0.34,0.34,0.36,0.37,0.37,0.37,0.41,0.41,0.41,0.41,0.41,0.41,0.41,0.48,0.6,0.6,0.65,NA
Central & South America,Costa Rica,CS,16,16,15,16,13.84,14.73,13.44,15.74,18.05,19.56,18.75,19.94,24.85,27.03,28.06,31.27,30.08,31.01,34.97,35.75,36.28,37.59,39.66,41.92,41.56,43,45.6,NA
Africa,Sudan,SU,22.4,23,25,24,22,24.7,27.94,27.19,29.59,28.03,25.43,36.15,33.3,31.74,27.67,26.5,26.34,27.16,27.36,29.53,43.11,55.99,58.3,65.42,71.21,72,79.76,NA
Asia & Oceania,East Timor,TT,- -,- -,- -,- -,- -,- -,- -,- -,- -,- -,- -,- -,- -,- -,- -,- -,- -,- -,- -,- -,- -,- -,- -,NA,NA,NA,NA,NA
Africa,Western Sahara,WI,1.1,1.1,1.23,1.19,1.23,1.26,1.26,1.3,1.32,1.32,1.38,1.38,1.39,1.35,1.35,1.46,1.45,1.46,1.46,1.46,1.68,1.7,1.7,1.7,1.7,1.75,1.76,NA
Africa,Ethiopia,ET,12,12,13,15,15,18,17.09,19.44,18.69,19.77,19.73,16.43,23.49,21.89,13.98,15.45,11.56,11.59,17.14,21.25,22.73,23.31,25.64,27.55,28.59,29,30.45,NA
Central & South America,Aruba,AA,- -,- -,- -,- -,- -,- -,0.68,0.68,2.51,3.42,3.55,3.98,4.3,4.49,4.97,5.69,3.77,6.01,6.08,6.08,6.51,6.53,6.53,6.98,7.06,7,7.1,NA
Europe,Belgium,BE,522,481,445,406.74,385,405,454,457,470,462,463,497,509,500,510,498.46,564.32,588.59,601.7,569,587.35,596.05,600.59,627.32,604.87,598.78,591.25,588.4
Europe,Austria,AU,232,225,209,206.75,202,198,206,209,205,205,215,232,227,232,231,230.44,251.14,250.32,262.79,250.06,246.16,262.68,270.98,288.82,286.79,294.84,301.58,291.46
Middle East,United Arab Emirates,TC,75,137,148,149,153,185,207,211,237.17,242.4,243.1,302.03,305.16,309.67,317.77,315.86,305.57,317.26,322.48,323.86,330.48,324.65,334.63,333.01,351.14,372,381,NA
Eurasia,Estonia,EN,- -,- -,- -,- -,- -,- -,- -,- -,- -,- -,- -,- -,24.95,26.82,25.23,25.53,25,26.99,27.71,24.31,22.93,23.54,23.52,24.36,27.74,29,30.44,NA
Africa,Mauritius,MP,6,5.4,5.2,5.7,5.7,5.8,7.17,6.2,9.15,10.35,11.91,12.11,14.44,14.51,14.65,15.62,15.95,16.2,16.35,16.35,19.88,21.75,19.79,20.55,21.38,22,22.45,NA
Central & South America,Peru,PE,133.3,137.1,136.3,124.4,127.2,125,135.16,138.4,141.41,121.12,121.17,112.83,119.24,125.97,132.34,143,153.39,156.55,158.64,160.52,156.79,153.87,152.34,154.22,161.96,166,167.86,NA
Asia & Oceania,Hawaiian Trade Zone,HQ,45,52,48,45,54,52.05,30.84,- -,- -,- -,- -,- -,- -,- -,- -,- -,- -,- -,- -,- -,- -,- -,- -,- -,- -,- -,- -,- -
Africa,Zambia,ZA,15.6,14.2,13.8,13.8,12.7,11.9,11.89,12.6,13.67,13.38,13.45,11.43,13,10.85,10.71,10.91,11.09,11.17,11.75,11.16,10.74,11.76,12.19,12.74,13.27,14,14.76,NA
Asia & Oceania,Australia,AS,594,584,616,594,635,639,644,661,694,722,737,719,728,760,787,810,830.79,847.31,852.23,874.63,872.22,874.34,884.69,890.16,901.91,918.59,920.19,936.68
Asia & Oceania,Cambodia,CB,0.3,0.3,0.3,2.47,2.75,2.8,2.3,2.93,3.03,3.03,3.03,3.12,3.19,3.2,3.28,3.36,3.36,3.45,3.45,3.45,3.52,3.58,3.6,3.68,3.59,3.7,3.74,NA
Asia & Oceania,Fiji,FJ,9,6,7,7,5,5.2,5.3,5.62,5.76,6.95,7.42,6.76,5.56,5.6,5.5,5.74,5.83,5.79,5.69,5.69,5.39,5.41,8.22,10.26,8.6,9,9.97,NA
Asia & Oceania,Maldives,MV,0.1,0.1,0.1,0.1,0.39,0.43,0.54,0.54,0.58,0.59,0.65,0.65,0.67,0.81,1.7,2.37,2.32,2.04,2.21,2.21,3.14,3.37,6.19,6.96,4.87,5,5.49,NA
Asia & Oceania,Malaysia,MY,160,165,180,192,194,194,192.27,197.3,202.5,220.07,265.98,281.53,301.52,335.95,377.51,399.16,435.26,469.34,449.23,454.32,465.02,475.1,462.75,479.86,508.04,501,501.07,NA
,,,,,,,,,,,,,,,,,,,,,,,,,,,,,,
Asia & Oceania,"Korea, South",KS,537,536,534,561,554,552,592,627,746,860,1048,1263,1527,1684,1840,2007.74,2100.95,2254.97,1916.56,2083.79,2135.29,2132.04,2149.15,2175.42,2155.12,2191.34,2173.79,2206.7
Asia & Oceania,China,CH,1765,1705,1660,1730,1740,1885,2000,2120.04,2275,2379.52,2296.4,2498.8,2661.6,2959.49,3160.61,3363.16,3610.09,3916.27,4105.83,4363.6,4795.71,4917.88,5160.71,5578.11,6437.48,6720,7273.29,NA
Asia & Oceania,French Polynesia,FP,1.52,2.25,3,4,6,5.23,6.57,6.64,6.59,6.56,6.26,6.15,5.97,5.87,4.71,4.87,4.85,4.87,4.87,4.87,4.58,4.59,4.82,5.73,5.68,5.8,6.08,NA
Asia & Oceania,Indonesia,ID,408,455,479,470,470,465,469.95,493.35,523.85,583,651.06,694.62,706.92,764.9,777.52,807.31,858.5,942.27,905.6,963.73,1036.7,1077,1125.65,1142.67,1232.57,1270,1218.59,NA
Africa,Africa,r6,1474.13,1577.25,1659.98,1698.24,1757.83,1826.45,1819.71,1839.15,1907.73,1981.14,2070.71,2117.79,2156.62,2176.65,2183.48,2251.59,2308.42,2375.22,2406.39,2450.5,2499.44,2597.91,2667.73,2715.09,2819.46,2912.33,3027.91,NA
Asia & Oceania,Cook Islands,CW,0.2,0.4,0.4,0.4,0.4,0.4,0.37,0.37,0.37,0.32,0.32,0.27,0.32,0.32,0.32,0.32,0.32,0.32,0.32,0.32,0.39,0.39,0.39,0.39,0.43,0.45,0.46,NA
Asia & Oceania,Mongolia,MG,12,12,14,14,15,16.45,16.55,16.83,17.28,16.72,15.8,14.69,13.28,12.82,13.1,11.48,11.86,7.99,8.49,8.66,8.5,9.86,10.67,10.35,12.28,12,12.86,NA
Asia & Oceania,Bhutan,BT,0.02,0.17,0.21,0.19,0.18,0.23,0.23,0.27,0.27,0.27,0.63,0.63,0.64,0.65,0.74,0.86,0.93,0.91,0.96,0.96,0.98,1.05,1.09,1.13,1.14,1.2,1.25,NA
Asia & Oceania,India,IN,643,729,737,773,824,894.9,947.44,987.85,1083.78,1149.78,1168.33,1190.32,1274.91,1311.07,1413.27,1574.67,1680.92,1765.49,1844.37,2031.25,2127.44,2183.73,2263.44,2346.33,2429.62,2438,2586.89,NA
Asia & Oceania,Japan,JA,4960,4848,4582,4395.02,4666,4436,4503,4567,4849,5058,5303,5375,5467,5398,5648,5693.61,5739.51,5697.16,5498.22,5614.54,5495.36,5394.42,5301.31,5415.94,5290.6,5305.07,5159.45,4972.14
Asia & Oceania,Guam,GQ,25,35,27,26,9,4.56,7.82,5.32,5.54,5.44,12.55,14.25,17.06,22.69,32.07,24.31,21.61,24.7,20.16,22.33,18.58,20.21,13.66,15.4,12.13,13.53,14.01,12.78
Asia & Oceania,Afghanistan,AF,7,8,7.8,10.6,10.7,12.9,13.6,13.95,13.19,13.43,13.71,12.77,7.21,6.97,6.67,6.36,6,5.62,5.33,5.33,4.72,4.69,4.79,3.81,4.12,5,5.04,NA
Asia & Oceania,Hong Kong,HK,124,128,125,119,114.5,110,113.28,115.6,120.99,123.93,127.39,133.5,152.08,157.51,179.8,186.12,182.68,185.13,191.54,264.03,244.92,245.38,272.63,276.58,318.15,293,293.11,NA
Asia & Oceania,Kiribati,KR,0.16,0.19,0.19,0.19,0.14,0.14,0.13,0.15,0.15,0.15,0.15,0.18,0.15,0.15,0.15,0.15,0.15,0.15,0.15,0.15,0.17,0.17,0.22,0.22,0.22,0.22,0.23,NA
Asia & Oceania,"Korea, North",KN,48,51,52,57,60,64.46,67.91,68.58,64.7,63.92,73.21,76.48,73.97,71.66,69.65,63.15,47.84,40.41,35,29.99,25.38,22.51,24.53,24.52,24.02,24,24,NA
Europe,Former Yugoslavia,YO,301,285.4,285.6,267,325,330.65,304.25,313.5,316.4,309.87,317.15,251.17,- -,- -,- -,- -,- -,- -,- -,- -,- -,- -,- -,- -,- -,- -,- -,- -
Central & South America,Bolivia,BL,25,26.5,25.1,24.5,24,21.52,21.11,21.31,23.11,24.34,25.18,25.59,26.28,27.43,30.45,32.71,34.79,36.45,40.41,43.47,48.1,46.74,46.72,46.26,49.62,52,52.84,NA
,,,,,,,,,,,,,,,,,,,,,,,,,,,,,,
Middle East,Kuwait,KU,106,116,118,123,120,120.58,117.87,114.94,119.98,124.72,85,94.8,119.83,130.59,166.44,173.42,189.17,211.92,237.83,258.88,264.42,275.18,285.16,297.83,305.32,333,333.07,NA
Europe,Slovakia,LO,- -,- -,- -,- -,- -,- -,- -,- -,- -,- -,- -,- -,- -,64,65,64.64,68.09,73.7,74.33,68.04,66.77,71.67,80.07,74.94,74.57,78.49,79.95,84.28
Europe,Albania,AL,46,44,43,43.6,43,41.53,38,33.77,31.93,27.02,20,17.86,20.54,16.73,13.29,14.83,11.68,12.47,15.03,18.04,21.04,22.68,24.28,27.4,28.83,29,30.9,NA
Central & South America,Guatemala,GT,28.9,25.3,25,26,23,25.99,23.17,23.33,25.49,25.88,27.21,25.93,30.95,33.73,38.46,41.13,43.97,48.46,58.09,59.16,59.29,65.9,64.56,64.98,67.57,70,74.23,NA
Central & South America,Cayman Islands,CJ,0.7,0.76,0.76,0.74,0.76,0.79,0.79,0.81,1.86,1.89,1.94,2.05,2.1,2,2.17,2.35,2.36,2.37,2.41,2.41,2.39,2.41,2.41,2.5,2.7,2.7,2.77,NA
Central & South America,Saint Kitts and Nevis,SC,0.36,0.38,0.44,0.36,0.36,0.36,0.36,0.38,0.45,0.45,0.45,0.51,0.51,0.58,0.68,0.62,0.7,0.7,0.7,0.7,0.7,0.7,0.7,0.79,0.87,0.9,0.95,NA
Africa,Liberia,LI,13,12,12,12,11,11.07,8.26,6.13,7.93,6.31,3.78,2.25,2.28,2.52,2.52,2.52,2.62,2.65,2.74,2.74,2.94,3.1,3.36,3.46,3.51,3.55,3.69,NA
Eurasia,Tajikistan,TI,- -,- -,- -,- -,- -,- -,- -,- -,- -,- -,- -,- -,19.6,15.41,12.01,13.07,15.22,16.61,19.3,21.06,23.33,24.96,25.45,27.49,29.49,30,31.59,NA
Europe,Turkey,TU,314,280,327,342,343,359,388,441,436,448,477,466,492,565,542,608.28,633.66,630.58,629.07,626.53,666.88,618.62,657.73,644.97,661.37,659.33,669.4,675.98
Europe,Gibraltar,GI,3.3,3.7,3.3,2.6,2.4,5.5,8.23,8.4,10.84,9.33,9.69,9.98,17.64,18.35,18.45,18.49,18.52,18.5,21.45,18.59,41.09,22.68,23.07,23.67,24.35,25,22.62,NA
Europe,Former Czechoslovakia,CZ,355,350,327,318.6,301,298,295,296,281,310,291,242,241,- -,- -,- -,- -,- -,- -,- -,- -,- -,- -,- -,- -,- -,- -,- -
Africa,Burkina Faso,UV,3,3,3,3,3,2.89,3.43,3.5,3.65,3.24,3.39,3.85,3.86,4.2,4.56,4.56,4.7,7.6,7.16,7.16,7.48,7.58,7.78,8.05,8.16,8.3,8.47,NA
Central & South America,French Guiana,FG,2.52,2.19,2.72,2.8,2.22,2.23,2.62,2.83,3.34,3.76,4.5,5.08,4.04,5.4,5.4,6.16,6.15,6.16,6.27,6.27,6.34,6.35,6.53,6.81,6.62,6.7,6.78,NA
Central & South America,Panama,PM,78,77,73.5,75.5,74.5,64.82,66.5,69.81,67.67,66.06,70.34,70.28,72.28,70.9,81.32,85.92,72.28,76.56,84.66,78.4,77.38,80.28,76.59,77.57,88.03,90,92.79,NA
Central & South America,Dominican Republic,DR,37.8,36.6,39,46.8,41,42.4,47,52.5,58.31,58.13,64.26,62.39,64.33,58.73,67.89,71.91,77.98,84.12,86.25,99.24,110.06,113.95,116.15,115.28,114.07,116,117.27,NA
Central & South America,Paraguay,PA,9.9,9.1,9,9.5,10.4,10.56,10.84,13.75,12.96,16.55,15.85,14.7,16.51,17.68,20.49,22.78,19.19,20.88,23.89,26.94,25.1,24.06,25.05,26.02,26.09,27,27.41,NA
Africa,Senegal,SG,17.4,16.8,17.3,16.4,19.5,19.2,19.63,19.22,16.32,17.01,16.9,15.66,19.09,19.45,23.48,25.26,25.19,23.5,25.17,27.78,29.55,29.44,30.05,30.32,33.85,35,36.2,NA
Africa,Mauritania,MR,4.2,4,4,4,6,6,3.43,4.69,6.15,7.17,6.25,6.6,21.95,22.58,22.51,22.81,22.95,23.15,23.25,23.25,23.76,23.74,22.75,23.3,19.96,20,19.32,NA
Europe,Malta,MT,8.68,9.5,9.95,6.84,9.36,5.95,7.97,8.73,9.34,9.77,10.47,11.37,12.34,13.23,14.25,15.1,16.06,17.14,18.01,20.57,18.16,15.06,18.05,17.98,18.21,18.6,18.68,NA
Eurasia,Eurasia,r4,8995,8935,9075,8950,8910,8950,8975.4,8994.97,8890.44,8740,8392,8350,6825.4,5647.77,4847.35,4604.41,4030.13,3893.45,3803.15,3710.08,3721.35,3780.21,3828.45,3910.22,4040.8,4072.9,4275.33,NA
Europe,Bulgaria,BU,306,294,295,294.6,294,290,285.9,275.39,276.89,235.17,193.05,120.77,129.72,117.49,126.24,130.57,118.57,106.77,103.04,97.26,99.88,101.31,105.73,102.21,104.45,108,109.61,NA
Africa,Angola,AO,20,20,21,22,19,24.82,24.2,23.95,24.51,24.77,24.34,25.18,25.88,25.31,24.99,26.61,25.14,29.46,25.51,31.14,29.26,43.04,44.89,47.46,48.29,50,55.64,NA
Africa,Zimbabwe,ZI,12.8,14.7,12,15,14.7,15.3,16.14,17.48,17.48,19.49,21.14,23.39,20.91,22.35,22.93,24.72,28.2,30.42,30.98,31,25.35,23.46,22.32,20.41,13.37,16,14.59,NA
,,,,,,,,,,,,,,,,,,,,,,,,,,,,,,
Middle East,Oman,MU,17.15,16.66,19.56,20.91,24.62,29.84,29.57,26.62,26.28,31.59,38.64,38.69,39.51,38.9,39.69,42.27,46.66,48.57,50.51,53.4,52.54,54.72,57.23,58.43,63.91,66,69.1,NA
Europe,Macedonia,MK,- -,- -,- -,- -,- -,- -,- -,- -,- -,- -,- -,- -,19.43,21.41,17.94,18.45,23.34,21.07,22.36,20,22.07,18.48,20.17,19.8,19.65,20,19.59,NA
Europe,"Germany, East",GC,375,355,371,336.6,284.37,313.02,294.09,299.03,300.92,300.92,299.79,- -,- -,- -,- -,- -,- -,- -,- -,- -,- -,- -,- -,- -,- -,- -,- -,- -
Europe,Sweden,SW,527,471,402,365,346,357,371,364,350,336,336,339,371,365,390,387.79,411.94,391.3,400.79,393.53,362.45,369.52,373.32,369.81,368.8,356.37,360.04,359.64
Central & South America,Uruguay,UY,40,36.4,34.4,27.4,26,24.31,23.28,26.6,33.29,32.04,31.19,29.52,31.94,34.88,33.28,30.96,34.15,37.11,44.18,48.38,43.18,34.11,37.04,36.69,38.47,39,38.23,NA
Africa,Tunisia,TS,52,57,51.5,58.9,57,55,61.32,52.25,60.5,63.63,63.19,68.17,71.22,73.68,74.77,70.02,73.29,78.18,80.66,79.29,84.55,87.22,87.86,87.66,89.4,90,91.11,NA
Europe,Finland,FI,271,241,221,208,214,205,223,231,230,228,225,226,225,212,220,203.1,203.19,203.57,210.13,211.08,200.31,199.61,210.01,219.84,217.49,215.73,224.42,232.8
Europe,Bosnia and Herzegovina,BK,- -,- -,- -,- -,- -,- -,- -,- -,- -,- -,- -,- -,35.42,22.86,19.66,19.1,18.37,18.45,20.74,21.36,19.23,19.28,20.13,21.77,24.94,26,27.59,NA
Africa,Equatorial Guinea,EK,0.4,0.4,0.5,0.5,0.5,0.57,0.57,0.55,0.55,0.79,0.81,0.86,0.81,0.88,0.88,0.87,0.89,0.96,0.96,0.96,1.53,1.15,1.15,1.19,1.03,1,0.92,NA
Africa,Guinea,GV,5.6,5.5,5.6,5.7,5.7,5.34,6.63,6.95,7.12,6.87,9.3,7.2,7.41,7.62,7.84,7.77,7.84,7.86,7.91,7.91,8.21,8.3,8.36,8.4,8.48,8.5,8.56,NA
Middle East,Bahrain,BA,16.04,15.83,15.63,15.38,15.91,16.06,15.96,18.78,18.95,19.47,20.35,21.16,21.36,20.47,20.76,21.07,20.06,19.67,22.21,22.36,23.29,23.98,23.92,25.95,29.09,31,32.83,NA
Africa,Chad,CD,2,1.9,1.9,1.9,0.9,1.05,1.94,1.7,1.12,1.15,2.37,2.23,2.25,1.15,1.19,1.18,1.22,1.23,1.23,1.23,1.34,1.37,1.41,1.41,1.32,1.35,1.35,NA
Europe,Italy,IT,1934,1874,1781,1750,1720,1705,1734,1815,1829,1897,1874,1862,1894,1891,1869,1942.1,1920.42,1933.76,1941.48,1890.82,1853.77,1836.85,1870.13,1873.27,1793.87,1754.83,1732.27,1677.95
Central & South America,Cuba,CU,202.5,207,223.5,205.6,212.8,217.28,222.91,218.61,221.18,224.8,219.55,203.67,180.04,179.45,182.95,187.41,192.42,200,194,195,195,203.6,201.51,204.85,201.22,202,203.51,NA
Africa,Rwanda,RW,1.1,2.5,2.4,2.7,4.43,4.5,4.47,4.54,4.58,4.71,4.87,4.94,5.07,4.61,4.7,4.77,4.76,4.84,4.92,4.92,5.19,5.24,5.27,5.33,5.16,5.3,5.32,NA
Europe,Germany,GM,- -,- -,- -,- -,- -,- -,- -,- -,- -,- -,- -,2829,2841,2908,2883,2882.19,2922.35,2917.25,2922.83,2838.45,2771.85,2814.62,2721.64,2678.72,2665.48,2647.12,2664.88,2478.36
Africa,Algeria,AG,121.3,127,143,136,150,164.74,165.8,167.27,172,181.84,194,208.44,210.15,206.6,204.41,204.62,197.85,199.45,205.99,197.79,206.18,217.91,224.56,228.77,238.35,250,279.78,NA
Asia & Oceania,American Samoa,AQ,2.8,3.29,4.56,2.89,3.3,3.11,3.2,3.26,3.21,3.7,3.85,3.85,3.94,3.93,3.83,3.77,3.82,3.83,3.83,3.83,3.74,3.75,3.82,3.82,3.81,4,4.05,NA
Central & South America,Martinique,MB,4.53,4.53,4.48,4.44,3.9,4.78,5.07,5.74,6.83,9.73,10.5,8.58,9.53,12.91,12.8,13.1,13.11,13.13,13.15,13.15,13.35,13.46,13.67,14.24,14.67,15.1,15.48,NA
Central & South America,Antarctica,AY,1,1,1,1,1.27,1.43,1.29,1.33,1.37,1.35,1.37,1.43,1.43,1.43,1.43,1.47,1.47,1.47,1.47,1.47,1.47,1.49,1.49,1.53,1.53,1.55,1.57,NA
Eurasia,Kazakhstan,KZ,- -,- -,- -,- -,- -,- -,- -,- -,- -,- -,- -,- -,404.14,341.39,297.62,269.19,245.24,217.52,196.64,171.23,194.75,210.45,217.16,206.98,221.25,234,243.08,NA
Europe,Former Serbia and Montenegro,YR,- -,- -,- -,- -,- -,- -,- -,- -,- -,- -,- -,- -,56.45,33.3,32.43,27.02,49.23,67.42,63.44,57.57,62.48,81.94,83.82,84.67,85.08,85,90.32,- -
Europe,Greece,GR,262,254,239,231,232,242,246,267,279,298,314,316,323,333,340,355.47,367.73,374.2,391.64,383.1,399.21,405.73,408.39,428.73,419.76,423.88,444.61,436.09
Central & South America,Jamaica,JM,53,46.3,38.8,41,35,31.49,30.83,33.05,38,43.11,45.69,47.19,51,52.1,54.55,59.73,62.06,66.06,66.73,68.59,65.64,66.2,67.78,70.43,71.33,72,73.37,NA
Europe,Romania,RO,374,345,340,319.6,307,320,322.2,339.59,329.58,345,382.25,276.51,250.01,248.48,220.77,244.21,256.99,269.91,249.53,215.57,224.24,228.91,232.28,219.61,225.09,236,238.23,NA
Central & South America,Falkland Islands,FK,0.08,0.08,0.08,0.08,0.08,0.1,0.1,0.1,0.2,0.19,0.17,0.17,0.17,0.17,0.17,0.19,0.21,0.23,0.19,0.19,0.19,0.19,0.21,0.21,0.23,0.24,0.25,NA
Central & South America,Guyana,GY,9.8,11.5,9.3,8.3,9.3,9.48,9.09,6.84,6.8,4.59,4.4,5,5.88,7.13,7.14,6.24,6.72,7.36,9.29,9.86,10.81,11.1,11.27,11.08,10.07,10.5,10.44,NA
Eurasia,Moldova,MD,- -,- -,- -,- -,- -,- -,- -,- -,- -,- -,- -,- -,56.95,39.93,22.36,22.11,19.62,18.42,15.35,9.79,9.58,10.56,11.98,12.91,14.3,14.5,15.77,NA
,,,,,,,,,,,,,,,,,,,,,,,,,,,,,,
Middle East,Jordan,JO,37,43.8,49.7,53.2,56,57.9,61.82,66.25,61.87,62.29,66.19,62.58,73.06,71.85,81.69,85.44,91.82,88.47,96.21,95.61,101.08,98.84,103.33,106.43,106.98,109,110.68,NA
Middle East,Syria,SY,110,120,121.4,139.4,154,164,163.46,180.16,191.63,198.3,205.27,177.83,184.54,208.87,224.25,226,229.34,239.94,248.18,255.78,255.52,253.73,256.08,257.1,257.62,260,260.95,NA
Africa,Kenya,KE,40.9,39,39,37,36,37,39.2,34.52,38.27,41.78,41.98,36.74,40.58,41.87,43.79,46.23,48.22,44.02,51.33,52.24,56.8,51.93,51.17,54.2,59.18,64,65.53,NA
Africa,Togo,TO,4.1,3.8,3.7,4,4.7,4.4,3.6,3.54,3.69,4.26,4.19,6.74,4.8,3.62,4.15,4.13,4.16,4.34,4.34,6.81,9.47,6.82,8.8,14.2,15.13,16,17.77,NA
Europe,Spain,SP,990,941,1003,1011,852,858,866,895,983,981,1010,1068,1104,1055,1119,1189.36,1199.43,1266.15,1356.02,1396.16,1433.2,1492.35,1504.53,1542.38,1573.18,1607.26,1591.05,1608.33
Europe,Switzerland,SZ,307,251,237,259,249,271,271,264,265,262,268,279,282,267,263,266.78,271.4,267.9,280.36,281.56,274.03,276.9,267.58,269.89,269.58,271.31,277.92,252.53
Europe,United Kingdom,UK,1725,1590,1590,1531,1825,1617,1637,1611,1692,1731,1776,1803,1815,1829,1833,1816.17,1851.63,1803.88,1792.3,1797.31,1759.39,1743.99,1731.49,1759.07,1799.2,1834.33,1830.38,1764.34
Central & South America,Antigua and Barbuda,AC,2.8,2.5,3.4,2,2.23,2.23,2.23,2.72,2.8,2.81,2.93,2.89,2.89,3.04,3.19,3.27,3.27,3.4,3.4,3.4,3.5,3.51,3.53,3.74,4.04,4,4.11,NA
Middle East,Israel,IS,160,163,162,151,143,129.89,133.41,141.3,156.84,163,164.7,173.15,201.4,198.18,200.46,209.5,213.64,231.47,229.48,237.59,255.36,273.36,246.46,251.99,241.35,236,232.32,NA
Africa,Uganda,UG,5,3.2,3.8,3.7,3.8,4.1,4.5,3.85,5.88,5.41,5.79,6.45,6.59,6.84,7.02,7.01,6.97,7.19,8.29,8.29,8.56,9.52,9.93,10.69,10.87,11,11.57,NA
Central & South America,Haiti,HA,6,4,5,4,4,4.79,5.08,8.27,9.04,8.52,4.73,4.69,5.41,4.26,3.71,6.32,7.47,9.43,8.93,10.03,10.33,11.23,11.6,11.55,11.84,12,12.37,NA
Africa,South Africa,SF,312,324,349,338,360,350,349.96,344.52,342.3,348.19,375,402.51,411.62,402.11,409.56,421.07,427.73,438.7,450.77,465.67,457.93,458.24,475.44,490.21,503.91,497,504.91,NA
Europe,Faroe Islands,FO,NA,NA,NA,NA,NA,NA,NA,NA,NA,NA,NA,NA,3.98,3.99,4.04,4.24,4.35,4.37,4.39,4.39,4.46,4.46,4.49,4.53,4.58,4.6,4.63,NA
Central & South America,Turks and Caicos Islands,TK,NA,NA,NA,NA,NA,NA,NA,NA,NA,NA,NA,NA,NA,NA,NA,NA,NA,NA,NA,NA,NA,0.11,0.08,0.08,0.08,0.08,0.08,NA
Eurasia,Lithuania,LH,- -,- -,- -,- -,- -,- -,- -,- -,- -,- -,- -,- -,83.93,76.02,78.27,73.15,65.52,66.51,70.55,61.96,56.53,54.64,53.04,51.56,55.07,57,57.17,NA
Africa,Mali,ML,3,4,3,3,3,3.29,2.49,2.9,1.57,3.23,3.21,3.32,3.37,3.49,3.55,3.55,3.63,3.7,3.74,3.74,3.84,3.85,4.2,4.24,4.37,4.5,4.64,NA
Europe,Cyprus,CY,19.6,17,18,20,20,21.3,22.32,24.19,24.6,29.96,31.79,31.89,37.88,38,43.04,43.06,42.26,42.75,46.2,48.58,47.5,51.63,50.88,51.6,54.54,56,57.83,NA
Africa,Seychelles,SE,1.5,1.2,1.1,1.9,2,2.07,2.05,2.18,3.05,3.23,2.97,3.2,3.3,3.39,3.43,3.45,3.44,3.7,3.7,3.7,3.84,3.95,5.72,5.54,5.8,6,6.56,NA
Europe,Portugal,PO,154,140,184,185,191,180,196,192,204,249,251,252,279,266,271,290.16,280.45,297.22,325.15,336.78,332.66,333.81,343.18,325.92,327.91,336.82,305.82,308.77
Europe,Norway,NO,200,185,167,165,188,197,201,204,196,190,200,189,189,195,200,208.16,219.53,220.28,222.06,222.36,210.36,220.1,217.21,232.04,219.95,221.58,235.61,245.69
Africa,Sao Tome and Principe,TP,0.23,0.23,0.23,0.23,0.23,0.24,0.24,0.24,0.24,0.24,0.47,0.49,0.51,0.51,0.53,0.53,0.53,0.53,0.53,0.53,0.61,0.62,0.64,0.64,0.63,0.65,0.66,NA
Africa,Somalia,SO,7.9,9.2,9.1,8.9,9.2,9.08,9.63,7.18,7.27,7.4,6.75,4.03,3.74,3.86,3.86,3.86,3.86,3.86,3.86,3.86,4.8,4.8,4.8,4.8,4.8,5,5.04,NA
Central & South America,Suriname,NS,14.2,12.2,11,8,6.7,8.58,8.51,7.16,7.93,8.7,10.54,9.73,9.2,9.62,9.42,9.73,9.54,9.82,9.92,9.92,10.33,10.88,11.46,11.73,12.22,12,12.37,NA
Eurasia,Belarus,BO,- -,- -,- -,- -,- -,- -,- -,- -,- -,- -,- -,- -,374.84,288.7,241.17,228.08,206.03,186.04,170.99,149.7,139.77,130.33,123.44,142.83,158.46,156,179.7,NA
Central & South America,Ecuador,EC,84,88,95,85,83,86,91.77,90.19,93.21,90.17,97.32,104,119.15,111.86,119.76,123.38,129.17,134.88,137.23,128.4,130.54,139.97,141.73,146.06,151.9,155,160.48,NA
Africa,Nigeria,NI,170,200,215,202,210,222,208.3,218,234.1,243.99,251,258.66,264.72,270.8,251.97,284.04,286.05,277.25,260.1,251.97,245.57,305.69,303.95,288.47,277.07,300,312.03,NA
Central & South America,Brazil,BR,1148,1085,1061,980,1033,1079.38,1237.71,1263.14,1300.08,1317.13,1466.49,1484.22,1520.58,1579.66,1673.94,1788.43,1904.35,2030.68,2095.92,2130.31,2166.28,2206.08,2131.6,2055.68,2122.81,2166,2216.84,NA
Africa,Burundi,BY,0.7,0.8,0.7,0.8,1,1.04,1.01,1.05,1.73,1.91,2.09,2.33,2.21,2.46,2.6,2.53,2.56,2.59,2.64,2.64,2.64,2.8,2.83,2.94,2.69,2.9,2.96,NA
Middle East,Lebanon,LE,44.9,42,41,43,40.9,47.8,46.27,47.66,43.3,34.83,33,53.36,55.08,67.45,76.47,82.42,85.32,97.26,99.7,103.99,105.53,101.32,101.92,104.49,102.29,106,105.96,NA
Central & South America,Trinidad and Tobago,TD,42.1,39.2,29.9,25.7,24.7,24,23.2,20.62,18.39,21.1,20.4,21.4,21.86,21.4,23.93,21.7,20.44,22.47,21.84,23.35,24.68,29,28.31,31.34,32.45,28,28.73,NA
Africa,Central African Republic,CT,1,1.3,1.4,1.5,1.4,1.43,1.69,1.52,1.62,1.54,1.67,1.75,1.79,1.84,1.94,1.94,1.96,2.01,2.05,2.05,2.2,2.24,2.33,2.33,2.2,2.3,2.32,NA
Africa,Sierra Leone,SL,5,5,5.4,5,5,5.5,5.86,6.25,6.98,6.82,6.88,7.21,5.28,5.33,5.36,5.66,5.65,5.78,5.81,5.81,6.15,6.29,6.4,6.55,7.79,8,8.43,NA
Africa,Swaziland,WZ,2,2,2,2,2,2.25,1.98,2.24,2.42,2.47,2.54,2.81,2.75,3.32,3.48,3.48,3.47,3.48,3.48,3.48,3.53,3.53,3.53,3.53,3.53,3.5,3.49,NA
Europe,Czech Republic,EZ,- -,- -,- -,- -,- -,- -,- -,- -,- -,- -,- -,- -,- -,154,159,168.28,173.18,169.1,174.88,174.32,169.81,178.75,176,187.57,205.9,212.3,211.57,207.14
Africa,Madagascar,MA,8,7,6,8,8,8.58,5.7,8.28,9.07,6.51,6.28,6.52,6.99,7.28,8.09,8.39,8.41,8.5,8.55,8.55,12.13,13.32,15.31,15.84,17.39,17,18.19,NA
Eurasia,Turkmenistan,TX,- -,- -,- -,- -,- -,- -,- -,- -,- -,- -,- -,- -,75.96,66.41,62.65,63.6,61.97,66.39,58.45,53.83,62.36,74.15,78.46,86.78,94.55,98,107.42,NA
Eurasia,Uzbekistan,UZ,- -,- -,- -,- -,- -,- -,- -,- -,- -,- -,- -,- -,190.42,178.55,172.83,184.74,144.06,139.87,147.02,150.14,146.09,148.26,151.36,150.47,152.11,155,157.06,NA
Asia & Oceania,Nauru,NR,0.86,0.87,0.87,0.87,0.9,0.89,0.89,0.89,0.89,0.89,0.93,0.93,0.95,0.95,0.95,0.97,0.96,0.97,0.97,0.97,0.96,0.97,1.01,1.01,1.02,1.05,1.07,NA
Asia & Oceania,Nepal,NP,2,2,3,3,3,2.48,3.74,4.07,3.96,4.12,4,5.17,5.78,5.99,6.83,7.26,9.05,11.09,14.33,15.4,14.9,15.26,15.51,15.67,16.15,16.6,16.96,NA
Asia & Oceania,New Caledonia,NC,10,10,7,6,7,6.3,6.84,7.2,6.72,7.41,7.58,8.22,8.63,8.66,8.42,8.42,8.6,8.62,8.68,8.68,8.59,8.61,10.02,10.02,11.37,11,11.56,NA
Asia & Oceania,New Zealand,NZ,91,85,82,82,85,82,83,90,94,99,105,103,108,108,119,122.68,122.95,127.02,126.87,129.95,131.63,132.26,141.09,147.35,151.95,152.28,150.45,154.62
Asia & Oceania,Niue,NE,0.02,0.02,0.02,0.02,0.02,0.02,0.02,0.02,0.02,0.02,0.02,0.02,0.02,0.02,0.02,0.02,0.02,0.02,0.02,0.02,0.02,0.02,0.02,0.02,0.02,0.02,0.02,NA
Asia & Oceania,Pakistan,PK,104,113,134,137,140,159.67,165.75,180.43,194.2,205.63,220.05,221.06,227.21,256.42,282.17,298.09,326.9,333.04,346.84,368.57,365.01,360.12,355.89,336.6,326.85,345,344.97,NA
Asia & Oceania,Papua New Guinea,PP,12,12,12,12,13.6,14.35,14.49,16.07,15.01,15.38,15.6,15.47,15.36,15.34,15,15.18,15.14,15.45,14.83,14.83,14.94,14.98,22.04,25.18,25.02,26,29.05,NA
Asia & Oceania,Philippines,RP,225,212,209,195,167,152,158.75,188.45,195.6,229.4,235.79,235.34,259.63,284.54,302.58,328.42,346.14,364.85,381.36,369.67,352.77,346.85,337.75,332.61,337.22,340,340.05,NA
Asia & Oceania,Samoa,WS,0.67,0.72,0.78,0.78,1,0.8,0.8,0.8,0.8,0.85,0.89,0.89,0.91,0.91,0.87,0.93,0.93,0.93,0.93,0.93,0.97,0.97,1.02,1.02,1.06,1.1,1.13,NA
Asia & Oceania,Singapore,SN,202,214,222,220,235,227,257.33,285.06,304.12,329.21,363,388.68,420.28,469.19,502.53,512.21,586.33,629.88,650.23,643.48,660.3,707.56,698.04,668.3,745.66,802,834.64,NA
Asia & Oceania,Solomon Islands,BP,0.7,1,0.9,1,1,0.88,0.88,1.01,1.12,1.17,1.19,1.19,1.16,1.15,1.12,1.17,1.16,1.17,1.17,1.17,1.21,1.21,1.25,1.25,1.3,1.3,1.32,NA
Asia & Oceania,Sri Lanka,CE,34,34,35,36,39,32.82,31.33,36.16,33.98,31.29,34.52,34.27,36.53,41.44,44.66,47.88,53.22,60.1,61.2,66.01,74.6,73.38,76.41,78.27,80.99,84,86.03,NA
Asia & Oceania,Taiwan,TW,380,340,330,337,384,378,405.26,419.82,482.63,521.31,541.51,545.26,557.1,616.43,658.66,736.9,780.35,775,807.8,852.64,865.3,881.72,893.74,929.9,948.02,970,950.52,NA
Asia & Oceania,Thailand,TH,224,214.4,199,214,233,224.83,234.38,258.99,283.38,348.59,406.51,436.54,475.53,544.51,603.17,678.68,749.41,781.23,736.55,734.26,724.94,701.61,763.27,832.32,915.47,929,928.61,NA
Asia & Oceania,Tonga,TN,0.21,0.31,0.29,0.31,0.31,0.32,0.32,0.47,0.56,0.61,0.61,0.7,0.7,0.72,0.82,0.82,0.9,0.93,0.9,0.9,0.92,0.88,0.78,0.78,0.84,0.88,0.87,NA
Asia & Oceania,U.S. Pacific Islands,IQ,1.06,1.06,1.06,1.06,1,0.91,0.91,0.91,1.24,1.9,1.97,1.97,1.98,1.95,1.95,2.01,2.05,2.01,2.01,2.01,2.01,2.01,2.01,2.01,2.01,2,2,NA
Asia & Oceania,Vanuatu,NH,0.8,0.7,0.7,0.7,0.7,0.76,0.76,0.72,0.86,0.77,0.81,0.67,0.44,0.44,0.44,0.44,0.44,0.44,0.44,0.44,0.56,0.57,0.61,0.61,0.63,0.64,0.66,NA
Asia & Oceania,Vietnam,VM,24,26.4,26,26.6,27,27.88,28.62,34.63,40.12,46.4,53,55.75,60.98,77.37,84.98,94.31,115.76,128.77,135.45,158.84,175.71,178.57,192.9,214.62,238.37,254,273.44,NA
Asia & Oceania,Wake Island,WQ,9,9,9,9,9,8.85,8.85,8.85,8.76,8.78,8.57,8.57,8.67,8.7,8.76,8.85,8.86,8.94,8.94,8.94,8.98,9,9.16,9.16,9.13,9.3,9.37,NA
Asia & Oceania,Asia & Oceania,r7,10729.14,10662.48,10416.95,10350.01,10778.59,10730.57,11084.38,11492.36,12350.1,13140.16,13803.37,14431.85,15210.81,16024.28,17054.25,17924.33,18773.18,19534.86,19267.4,20244.98,20786.52,20956,21368.17,22146.01,23323.25,23826.28,24362.1,NA
,,,,,,,,,,,,,,,,,,,,,,,,,,,,,,
OECD,Total OECD,,41763,39491,37765.6,36906.31,37690.61,37481.14,38598.6,39340.94,40649.64,41328.65,41610.16,42001.24,42948.86,43296.03,44435.46,44902.08,45977.55,46721.2,46885.7,47806.19,47874.13,47946.43,47891.9,48605.42,49359.57,49663.98,49328.45,48964.02
World Total,World Total,ww,63113.57,60943.79,59543.24,58778.2,59815.17,60085.13,61808.95,63095.12,64965.31,66077.79,66676.1,67276.81,67463.45,67595.63,68863,70066.89,71626.74,73372.28,74004.09,75663.66,76660.32,77402.17,78037.57,79612.68,82332.7,83654.56,84769.99,NA